{
  "NIST AI RMF profiles_removed/gv-6-2-003/sent_0002": 0.0,
  "NIST AI RMF profiles_removed/mp-1-1-002/sent_0001": 0.39153439153439157,
  "mp-1-1-002/sent_0001": 0.39153439153439157,
  "NIST AI RMF profiles_removed/mp-1-1-002/sent_0002": 0.0,
  "NIST AI RMF profiles_removed/map-2-1/sent_0001": 0.4029982363315696,
  "map-2-1/sent_0001": 0.4029982363315696,
  "NIST AI RMF profiles_removed/map-2-1/sent_0002": 0.42703886152162013,
  "map-2-1/sent_0002": 0.42703886152162013,
  "NIST AI RMF profiles_removed/mp-2-3-002/sent_0001": 0.42830687830687825,
  "mp-2-3-002/sent_0001": 0.42830687830687825,
  "NIST AI RMF profiles_removed/mp-2-3-002/sent_0002": 0.4059964726631393,
  "mp-2-3-002/sent_0002": 0.4059964726631393,
  "NIST AI RMF profiles_removed/mp-2-3-002/sent_0003": 0.28518518518518515,
  "mp-2-3-002/sent_0003": 0.28518518518518515,
  "NIST AI RMF profiles_removed/map-4-1/sent_0001": 0.3817663817663818,
  "map-4-1/sent_0001": 0.3817663817663818,
  "NIST AI RMF profiles_removed/map-4-1/sent_0002": 0.40791826309067686,
  "map-4-1/sent_0002": 0.40791826309067686,
  "NIST AI RMF profiles_removed/map-4-1/sent_0003": 0.4444444444444444,
  "map-4-1/sent_0003": 0.4444444444444444,
  "NIST AI RMF profiles_removed/mp-4-1-010/sent_0001": 0.0,
  "NIST AI RMF profiles_removed/mp-4-1-010/sent_0002": 0.35802469135802467,
  "mp-4-1-010/sent_0002": 0.35802469135802467,
  "NIST AI RMF profiles_removed/mp-4-1-010/sent_0003": 0.34444444444444444,
  "mp-4-1-010/sent_0003": 0.34444444444444444,
  "NIST AI RMF profiles_removed/map-5-2/sent_0001": 0.4658730158730159,
  "map-5-2/sent_0001": 0.4658730158730159,
  "NIST AI RMF profiles_removed/map-5-2/sent_0002": 0.24444444444444446,
  "map-5-2/sent_0002": 0.24444444444444446,
  "NIST AI RMF profiles_removed/map-5-2/sent_0003": 0.0,
  "NIST AI RMF profiles_removed/ms-1-1-006/sent_0001": 0.2680311890838207,
  "ms-1-1-006/sent_0001": 0.2680311890838207,
  "NIST AI RMF profiles_removed/ms-1-1-006/sent_0002": 0.256006006006006,
  "ms-1-1-006/sent_0002": 0.256006006006006,
  "NIST AI RMF profiles_removed/ms-1-1-006/sent_0003": 0.5994152046783626,
  "ms-1-1-006/sent_0003": 0.5994152046783626,
  "NIST AI RMF profiles_removed/measure-2-2/sent_0001": 0.0,
  "NIST AI RMF profiles_removed/measure-2-2/sent_0002": 0.6061582003610989,
  "measure-2-2/sent_0002": 0.6061582003610989,
  "NIST AI RMF profiles_removed/measure-2-2/sent_0003": 0.0,
  "NIST AI RMF profiles_removed/ms-2-3-004/sent_0001": 0.26443268665490893,
  "ms-2-3-004/sent_0001": 0.26443268665490893,
  "NIST AI RMF profiles_removed/ms-2-3-004/sent_0002": 0.28125,
  "ms-2-3-004/sent_0002": 0.28125,
  "NIST AI RMF profiles_removed/ms-2-3-004/sent_0003": 0.0,
  "NIST AI RMF profiles_removed/measure-2-6/sent_0001": 0.2807017543859649,
  "measure-2-6/sent_0001": 0.2807017543859649,
  "NIST AI RMF profiles_removed/measure-2-6/sent_0002": 0.266794380587484,
  "measure-2-6/sent_0002": 0.266794380587484,
  "NIST AI RMF profiles_removed/measure-2-6/sent_0003": 0.0,
  "NIST AI RMF profiles_removed/measure-2-7/sent_0001": 0.2962962962962963,
  "measure-2-7/sent_0001": 0.2962962962962963,
  "NIST AI RMF profiles_removed/measure-2-7/sent_0002": 0.3134920634920635,
  "measure-2-7/sent_0002": 0.3134920634920635,
  "NIST AI RMF profiles_removed/measure-2-7/sent_0003": 0.3556878306878307,
  "measure-2-7/sent_0003": 0.3556878306878307,
  "NIST AI RMF profiles_removed/measure-2-7/sent_0004": 0.0
}