{
  "NIST AI RMF profiles_removed/gv-6-2-003/sent_0002": 0.3481481481481482,
  "gv-6-2-003/sent_0002": 0.3481481481481482,
  "NIST AI RMF profiles_removed/mp-1-1-002/sent_0001": 0.26481481481481484,
  "mp-1-1-002/sent_0001": 0.26481481481481484,
  "NIST AI RMF profiles_removed/mp-1-1-002/sent_0002": 0.3611111111111111,
  "mp-1-1-002/sent_0002": 0.3611111111111111,
  "NIST AI RMF profiles_removed/map-2-1/sent_0001": 0.4051796157059315,
  "map-2-1/sent_0001": 0.4051796157059315,
  "NIST AI RMF profiles_removed/map-2-1/sent_0002": 0.0,
  "NIST AI RMF profiles_removed/mp-2-3-002/sent_0001": 0.3939153439153439,
  "mp-2-3-002/sent_0001": 0.3939153439153439,
  "NIST AI RMF profiles_removed/mp-2-3-002/sent_0002": 0.2759259259259259,
  "mp-2-3-002/sent_0002": 0.2759259259259259,
  "NIST AI RMF profiles_removed/mp-2-3-002/sent_0003": 0.32320261437908493,
  "mp-2-3-002/sent_0003": 0.32320261437908493,
  "NIST AI RMF profiles_removed/map-4-1/sent_0001": 0.0,
  "NIST AI RMF profiles_removed/map-4-1/sent_0002": 0.40808080808080804,
  "map-4-1/sent_0002": 0.40808080808080804,
  "NIST AI RMF profiles_removed/map-4-1/sent_0003": 0.24074074074074073,
  "map-4-1/sent_0003": 0.24074074074074073,
  "NIST AI RMF profiles_removed/mp-4-1-010/sent_0001": 0.25,
  "mp-4-1-010/sent_0001": 0.25,
  "NIST AI RMF profiles_removed/mp-4-1-010/sent_0002": 0.4010270774976657,
  "mp-4-1-010/sent_0002": 0.4010270774976657,
  "NIST AI RMF profiles_removed/mp-4-1-010/sent_0003": 0.0,
  "NIST AI RMF profiles_removed/map-5-2/sent_0001": 0.4138528138528138,
  "map-5-2/sent_0001": 0.4138528138528138,
  "NIST AI RMF profiles_removed/map-5-2/sent_0002": 0.4684095860566449,
  "map-5-2/sent_0002": 0.4684095860566449,
  "NIST AI RMF profiles_removed/map-5-2/sent_0003": 0.0,
  "NIST AI RMF profiles_removed/ms-1-1-006/sent_0001": 0.3039039039039039,
  "ms-1-1-006/sent_0001": 0.3039039039039039,
  "NIST AI RMF profiles_removed/ms-1-1-006/sent_0002": 0.0,
  "NIST AI RMF profiles_removed/ms-1-1-006/sent_0003": 0.4920077972709552,
  "ms-1-1-006/sent_0003": 0.4920077972709552,
  "NIST AI RMF profiles_removed/measure-2-2/sent_0001": 0.6422222222222222,
  "measure-2-2/sent_0001": 0.6422222222222222,
  "NIST AI RMF profiles_removed/measure-2-2/sent_0002": 0.6343434343434343,
  "measure-2-2/sent_0002": 0.6343434343434343,
  "NIST AI RMF profiles_removed/measure-2-2/sent_0003": 0.0,
  "NIST AI RMF profiles_removed/ms-2-3-004/sent_0001": 0.25808348030570255,
  "ms-2-3-004/sent_0001": 0.25808348030570255,
  "NIST AI RMF profiles_removed/ms-2-3-004/sent_0002": 0.4074074074074074,
  "ms-2-3-004/sent_0002": 0.4074074074074074,
  "NIST AI RMF profiles_removed/ms-2-3-004/sent_0003": 0.0,
  "NIST AI RMF profiles_removed/measure-2-6/sent_0001": 0.28086419753086417,
  "measure-2-6/sent_0001": 0.28086419753086417,
  "NIST AI RMF profiles_removed/measure-2-6/sent_0002": 0.3102453102453102,
  "measure-2-6/sent_0002": 0.3102453102453102,
  "NIST AI RMF profiles_removed/measure-2-6/sent_0003": 0.0,
  "NIST AI RMF profiles_removed/measure-2-7/sent_0001": 0.0,
  "NIST AI RMF profiles_removed/measure-2-7/sent_0002": 0.29790660225442833,
  "measure-2-7/sent_0002": 0.29790660225442833,
  "NIST AI RMF profiles_removed/measure-2-7/sent_0003": 0.3055555555555556,
  "measure-2-7/sent_0003": 0.3055555555555556,
  "NIST AI RMF profiles_removed/measure-2-7/sent_0004": 0.0
}